id_mutation;date_mutation;numero_disposition;nature_mutation;valeur_fonciere;adresse_numero;adresse_suffixe;adresse_nom_voie;adresse_code_voie;code_postal;code_commune;nom_commune;code_departement;ancien_code_commune;ancien_nom_commune;id_parcelle;ancien_id_parcelle;numero_volume;lot1_numero;lot1_surface_carrez;lot2_numero;lot2_surface_carrez;lot3_numero;lot3_surface_carrez;lot4_numero;lot4_surface_carrez;lot5_numero;lot5_surface_carrez;nombre_lots;code_type_local;type_local;surface_reelle_bati;nombre_pieces_principales;code_nature_culture;nature_culture;code_nature_culture_speciale;nature_culture_speciale;surface_terrain;longitude;latitude;section_prefixe
"2025-51073";"2025-07-29";"1";"Vente";"481000.0";"98";"None";"RTE FORESTIERE DU MONT BORON";"2547";"06300";"06088";"Nice";"06";"None";"None";"06088000KD0006";"None";"None";"3";"98.96";"None";"nan";"None";"None";"None";"None";"None";"None";"1";"2";"Appartement";"98.0";"3";"None";"None";"None";"None";"None";"7.301605";"43.691534";"000KD"
"2025-51073";"2025-07-29";"1";"Vente";"481000.0";"98";"None";"RTE FORESTIERE DU MONT BORON";"2547";"06300";"06088";"Nice";"06";"None";"None";"06088000KD0006";"None";"None";"3";"98.96";"None";"nan";"None";"None";"None";"None";"None";"None";"1";"3";"Dépendance";"nan";"0";"None";"None";"None";"None";"None";"7.301605";"43.691534";"000KD"
"2025-51073";"2025-07-29";"1";"Vente";"481000.0";"98";"None";"RTE FORESTIERE DU MONT BORON";"2547";"06300";"06088";"Nice";"06";"None";"None";"06088000KD0006";"None";"None";"3";"98.96";"None";"nan";"None";"None";"None";"None";"None";"None";"1";"3";"Dépendance";"nan";"0";"None";"None";"None";"None";"None";"7.301605";"43.691534";"000KD"
"2025-51073";"2025-07-29";"1";"Vente";"481000.0";"98";"None";"RTE FORESTIERE DU MONT BORON";"2547";"06300";"06088";"Nice";"06";"None";"None";"06088000KD0006";"None";"None";"1";"nan";"None";"nan";"None";"None";"None";"None";"None";"None";"1";"3";"Dépendance";"nan";"0";"None";"None";"None";"None";"None";"7.301605";"43.691534";"000KD"
"2025-46598";"2025-04-15";"1";"Vente";"375000.0";"110";"None";"RTE FORESTIERE DU MONT BORON";"2547";"06300";"06088";"Nice";"06";"None";"None";"06088000KD0001";"None";"None";"25";"64.41";"7";"nan";"None";"None";"None";"None";"None";"None";"2";"2";"Appartement";"68.0";"3";"None";"None";"None";"None";"None";"7.300355";"43.691305";"000KD"
"2025-46598";"2025-04-15";"1";"Vente";"375000.0";"110";"None";"RTE FORESTIERE DU MONT BORON";"2547";"06300";"06088";"Nice";"06";"None";"None";"06088000KD0001";"None";"None";"25";"64.41";"7";"nan";"None";"None";"None";"None";"None";"None";"2";"3";"Dépendance";"nan";"0";"None";"None";"None";"None";"None";"7.300355";"43.691305";"000KD"
"2025-46598";"2025-04-15";"1";"Vente";"375000.0";"110";"None";"RTE FORESTIERE DU MONT BORON";"2547";"06300";"06088";"Nice";"06";"None";"None";"06088000KD0001";"None";"None";"16";"nan";"None";"nan";"None";"None";"None";"None";"None";"None";"1";"3";"Dépendance";"nan";"0";"None";"None";"None";"None";"None";"7.300355";"43.691305";"000KD"
"2023-51775";"2023-06-08";"1";"Vente";"435000.0";"110";"None";"RTE FORESTIERE DU MONT BORON";"2547";"06300";"06088";"Nice";"06";"None";"None";"06088000KD0001";"None";"None";"22";"72.75";"6";"nan";"None";"None";"None";"None";"None";"None";"2";"2";"Appartement";"71.0";"3";"None";"None";"None";"None";"None";"7.300355";"43.691305";"000KD"
"2023-51775";"2023-06-08";"1";"Vente";"435000.0";"110";"None";"RTE FORESTIERE DU MONT BORON";"2547";"06300";"06088";"Nice";"06";"None";"None";"06088000KD0001";"None";"None";"22";"72.75";"6";"nan";"None";"None";"None";"None";"None";"None";"2";"3";"Dépendance";"nan";"0";"None";"None";"None";"None";"None";"7.300355";"43.691305";"000KD"
"2023-48960";"2023-05-05";"1";"Vente";"130000.0";"100";"None";"RTE FORESTIERE DU MONT BORON";"2547";"06300";"06088";"Nice";"06";"None";"None";"06088000KD0046";"None";"None";"30";"22.24";"None";"nan";"None";"None";"None";"None";"None";"None";"1";"2";"Appartement";"22.0";"1";"None";"None";"None";"None";"None";"7.301279";"43.691417";"000KD"
"2023-48960";"2023-05-05";"1";"Vente";"130000.0";"100";"None";"RTE FORESTIERE DU MONT BORON";"2547";"06300";"06088";"Nice";"06";"None";"None";"06088000KD0046";"None";"None";"12";"nan";"None";"nan";"None";"None";"None";"None";"None";"None";"1";"3";"Dépendance";"nan";"0";"None";"None";"None";"None";"None";"7.301279";"43.691417";"000KD"
"2021-64977";"2021-08-17";"1";"Vente";"370000.0";"133";"None";"AV HESPERIDES";"3240";"06300";"06088";"Nice";"06";"None";"None";"06088000KD0001";"None";"None";"39";"nan";"57";"74.07";"None";"None";"None";"None";"None";"None";"2";"2";"Appartement";"72.0";"4";"None";"None";"None";"None";"None";"7.300355";"43.691305";"000KD"
"2021-64977";"2021-08-17";"1";"Vente";"370000.0";"133";"None";"AV HESPERIDES";"3240";"06300";"06088";"Nice";"06";"None";"None";"06088000KD0001";"None";"None";"39";"nan";"57";"74.07";"None";"None";"None";"None";"None";"None";"2";"3";"Dépendance";"nan";"0";"None";"None";"None";"None";"None";"7.300355";"43.691305";"000KD"
"2021-63485";"2021-07-29";"1";"Vente";"159735.0";"100";"None";"RTE FORESTIERE";"2547";"06300";"06088";"Nice";"06";"None";"None";"06088000KD0046";"None";"None";"27";"nan";"None";"nan";"None";"None";"None";"None";"None";"None";"1";"2";"Appartement";"27.0";"2";"None";"None";"None";"None";"None";"7.301279";"43.691417";"000KD"
"2021-63485";"2021-07-29";"1";"Vente";"159735.0";"100";"None";"RTE FORESTIERE";"2547";"06300";"06088";"Nice";"06";"None";"None";"06088000KD0046";"None";"None";"13";"nan";"None";"nan";"None";"None";"None";"None";"None";"None";"1";"3";"Dépendance";"nan";"0";"None";"None";"None";"None";"None";"7.301279";"43.691417";"000KD"
"2021-60057";"2021-06-04";"1";"Vente";"400000.0";"110";"None";"RTE FORESTIERE";"2547";"06300";"06088";"Nice";"06";"None";"None";"06088000KD0001";"None";"None";"1";"nan";"26";"71.85";"None";"None";"None";"None";"None";"None";"2";"2";"Appartement";"72.0";"3";"None";"None";"None";"None";"None";"7.300355";"43.691305";"000KD"
"2021-60057";"2021-06-04";"1";"Vente";"400000.0";"110";"None";"RTE FORESTIERE";"2547";"06300";"06088";"Nice";"06";"None";"None";"06088000KD0001";"None";"None";"12";"nan";"None";"nan";"None";"None";"None";"None";"None";"None";"1";"3";"Dépendance";"nan";"0";"None";"None";"None";"None";"None";"7.300355";"43.691305";"000KD"
"2021-55687";"2021-03-05";"1";"Vente";"25000.0";"100";"None";"RTE FORESTIERE";"2547";"06300";"06088";"Nice";"06";"None";"None";"06088000KD0046";"None";"None";"34";"nan";"None";"nan";"None";"None";"None";"None";"None";"None";"1";"3";"Dépendance";"nan";"0";"None";"None";"None";"None";"None";"7.301279";"43.691417";"000KD"